Text,Category
Team 2019...merimera alikuwa takataka,neg
Sijafurahishwa,neg
Kubuni Dosari?,neg
"Bila kusema, nilipoteza pesa zangu.",neg
Sema kupoteza pesa na wakati,neg
"Ubunifu ni isiyo ya kawaida sana, kwani kipande cha sikio sio kizuri sana hata.",neg
akili yako imeoza,neg
Aki si maisha ni magumu,neg
Enyewe safaricom ni wezi,neg
Mtandao duni. hata line yao niliweka nyuma ya simu yangu...natumia airtel,neg
Mtandao wenu wa 4g ni mbaya sana siku hizi tafadhali rekebisheni,neg
Safaricom si muache kucheza na mkopo wa nambari yangu tafadhali. mnanifilisisha,neg
hauna haki,neg
"nyinyi mimi nilinunua laini yenu miaka 20 iliyopita, hata peremende sijawai pata, gai hata mtu akioa bibi miaka hiyo yote sianamzalia...heeeee , nengereni cia maitho, kari gani",neg
Siwezi kuona jinsi sinema hii inavyoweza kuwa msukumo kwa mtu yeyote kushinda woga na kukataliwa.,neg
Ni mbaya sana ni kweli inafaa kuona kwa sababu hiyo.,neg
Muziki mdogo sana au kitu chochote cha kuzungumzia,neg
Bado mtaishi kuwa wakora ata hii ofa labda kuna kakitu mnaiba  haha...,neg
Nimepoteza masaa mawili,neg
Inaweza Kutabirika kidogo.,neg
sikuipenda mimi,neg
mimi sipenda ujinga,neg
"Ilikuwa na kaimu ya wastani kutoka kwa mtu mkuu, na ilikuwa bajeti ya chini kama unavyoweza kuona wazi.",neg
Picha ni mbali na sehemu bora ya mchezo.,neg
Leo picha ni ujinga.,neg
Hili lilikuwa haribifu la dhabiti kutoka kwa mawazo yake,neg
Sikuvutiwa hata kidogo.,neg
Haisisimui hata kidogo,neg
Lakini hata Carrell mwenye talanta hawezi kuokoa hii.,neg
Hadithi yenyewe ni ya kutabirika tu na ya uvivu.,neg
"Lakini chochote kile ambacho kiliwagharimu sana, hakikuitafsiri kwa ubora, hiyo ni kwa hakika.",neg
"Kwa hasi, ni ya kutosha kusababisha majuto kwa masaa mengine mawili ya maisha yaliyopotea mbele ya skrini",neg
"Muda mrefu, mwepesi na hauna maana.",neg
"Lakini napendekeza subiri juhudi zao za baadaye, acha hii iende.",neg
Nilikatishwa tamaa katika sinema.,neg
Hakukuwa na joto au haiba yoyote kwa picha hizi au wahusika.,neg
Sinema hii inaoga kabisa kwenye mishipa yangu,neg
"Na, kwa uaminifu kabisa, mara nyingi sio nzuri sana.",neg
"Mara nyingi mazungumzo hayafuati kabisa kutoka kwa mstari mmoja hadi mwingine, au inafaa mazingira",neg
"Nisingesema wanafaa masaa 2 ya wakati wako, ingawa",neg
Shida ilikuwa maandishi.,neg
Ilikuwa ya kutisha,neg
Tuhuma tu ambayo nilikuwa nahisi ilikuwa ni kufadhaika kwa jinsi wasichana walivyowashukia,neg
HAKUNA kitu cha kuaminika juu yake kabisa.,neg
"Kwa kweli, baada ya Klabu ya Pamba na Kutokuwa mwaminifu, ilikuwa ni aibu kuona Lane na Gere kwenye filamu hii, kwa sababu ni MBAYA",neg
"Kitendo kilikuwa kibovu, mazungumzo hayakuwa ya kina na ya udanganyifu.",neg
Inasikitisha sana,neg
Kuelekeza na sinema sio nzuri kabisa.,neg
Saa na nusu napenda ningeweza kurudisha,neg
Uongozaji unaonekana kuwa wa kawaida sana.,neg
Na kwa ujumla mistari na njama ni dhaifu kuliko sehemu ya wastani.,neg
"Walakini, hii haikufanya kwa ukweli wa jumla, hii ilikuwa sinema ya kuchosha sana.",neg
Kulikuwa na dakika kadhaa kwenye sinema ambazo hazihitaji tu kuwa hapo na zilikuwa zikisonga polepole.,neg
"Siwezi kuamini kuwa waigizaji walikubali kufanya ""filamu"" hii.",neg
"Hii ilikuwa kumbukumbu mbaya ya ""Harusi ya Marafiki Wangu Bora""",neg
Sikuweza kustahimili hata kuitazama kwa muda mrefu sana kwa kuogopa kupoteza IQ,neg
"Sinema hii ni janga safi, hadithi ni ya kijinga na uhariri ndio mbaya kabisa ambao nimeona, unachanganya sana.",neg
"Ni kupoteza saa na nusu ya muda, kufuatia rundo la watu wazuri sana kulia na kulia juu ya maisha",neg
"Niliona ""Mirrormask"" jana usiku na ilikuwa uzoefu usioridhisha",neg
"Kaimu ni mbaya, na uandishi ni mbaya zaidi.",neg
Nililipa sana,neg
"Tena, hakuna mpango hata",neg
Hakuna mpango wowote,neg
Mbaya,neg
HAKUNA KIWANGO AU HABARI !!,neg
Nachukia sinema kama hizo,neg
Namaanisha hii kwa njia mbaya,neg
"Hii ni filamu mbaya, iliyo na uandishi mbaya, na watendaji wazuri .... katuni mbaya iliyotengenezwa na Paul Haggis kwa watu ambao hawawezi kushughulikia chochote isipokuwa viboko vya ujasiri katika kusimulia hadithi .... picha iliyochorwa na makrayoni.",neg
Ilikuwa jambo nzuri kwamba tikiti hugharimu tu dola tano kwa sababu ningekuwa wazimu ikiwa ningelipa $ 7.50 ili kuona ujuaji huu.,neg
Kila kitu ni cha kutisha.,neg
Filamu hii haina huduma za kukomboa,neg
Hadithi ni zaidi ya kijinga,neg
Watoto wanachukiza.,neg
Nitasema tena - hii ni mateso.,neg
"Huo kabisa bila sifa yoyote, hii ni sawa na kuteswa",neg
Mtu anayeongoza hana dhamana.,neg
Labda kungekuwa na maelezo ya kuridhika kwa udhalimu huu.,neg
Sio safari ya kupendeza ya kujitambua,neg
"Ndio, ni mbaya sana",neg
Hakuna chochote cha kupendekeza,neg
"Sinema hii iliteseka kwa sababu ya uandishi, ilihitaji tuhuma zaidi",neg
Sinema hii ni mbaya,neg
Mbaya sana,neg
Kwa kweli hii ni moja wapo ya zile mbaya.,neg
Uwepo wake kwenye skrini uliangaza mawazo hata kama kulikuwa na watendaji wengine wakuu kwenye skrini na yeye,neg
Sioni kweli jinsi mtu yeyote angefurahiya sinema hii,neg
"Labda ingekuwa bora ikiwa mkurugenzi hangetumia wakati mwingi wa sinema kuonyesha kazi yake mwenyewe ya sanaa, ambayo sio ya kushangaza sana",neg
Usipoteze wakati wako.,neg
"Walakini, hivi majuzi nilitazama kitu hicho tena kwenye DVD, na nilipigwa macho kabisa na jinsi hadithi ya hadithi ilikuwa ya kijinga - jinsi ilivyokuwa na mashimo, kutokubaliana na - kusema ukweli - ujangili mwingi - na jinsi dansi hiyo ilivyokuwa.",neg
Mishima haifurahishi sana,neg
Kwa hivyo hadithi nzima haina nguvu fulani.,neg
Kwa kushangaza mimi hupata sinema zake kupoteza muda mwingi kutazama,neg
Maendeleo ya mhusika pia hayapatikani kwa kina.,neg
"Ninamaanisha, katika ulimwengu wa kweli, asingeweza kuingia kwenye kumbukumbu hiyo ya ballet ... Jambo lote lilikuwa ni ujinga kabisa",neg
"Mazungumzo mabaya zaidi, yaliyo wazi kabisa ... ningeweza kuendelea na kuendelea",neg
"Kwa kusikitisha, filamu hiyo inashindwa",neg
"Sinema haina upendeleo wa kuona, mchezo wa kuigiza, usemi wa hisia, na maadhimisho ya uzalendo ambao unasisitiza hadithi hiyo",neg
Hakuna mwigizaji ambaye ametumika vibaya zaidi kwamba Juni Allison kwenye sinema hii,neg
"Kwa bahati mbaya, hii ni sinema mbaya ambayo ni mbaya kabisa",neg
"Lakini sinema hii sio ya kuchekesha, ukizingatia ujinga wake.",neg
Nilitoka ndani nikisikia hasira,neg
Sina uhakika alikuwa anajaribu kufanya nini na filamu hii,neg
Ikiwa ilikuwa kugeuza hisia zangu za siku njema kuwa usiku wa kumbukumbu zinazosumbua kuliko nadhani alifanikiwa,neg
"Ililazimishwa, kama kila kitu kwenye sinema hii",neg
Nilipoiona kwenye ukumbi wa michezo nilidhani nitakuwa mgonjwa.,neg
Ukadiriaji: 1 kati ya 10,neg
Kwa kweli nilitapika nikitazama filamu hii.,neg
Natafsiri sinema kwa ajili ya kuishi na hii ni sinema ya kwanza katika uzoefu wangu wa miaka 5 wa kufanya kazi ambao nimepata kukosoa akili yangu,neg
"Kwa wale wanaopata sinema hii kuwa ya akili au hata ya ustadi, naweza kusema tu - ni akili yako na fikira zako waziwazi ulizoea kujaribu na kufanya hisia za jaribio hili la kusikitisha (ni kwa asili yetu ya kibinadamu kujaribu na kufanya hisia za mambo)",neg
"Lakini wakati mtu anajitahidi kwa ukuu na ushairi, lakini akiwasilisha hadithi ya matope (na mara nyingi ni ujinga), kundi la visa tofauti, mazungumzo ya udanganyifu ... Halafu unapata aina mbaya zaidi ya sinema ambayo mhakiki wengine alielezea kwa usahihi kama ""dharau"" ujanja ",neg
"Jambo moja zaidi: Naweza kuvumilia usahihi wa kisiasa vizuri, mimi ni wote kwa uhuru wa kisanii na kusimamishwa kwa kutokuamini, lakini tabia ya kike ya Slavic ilikuwa tu sana.",neg
Mipangilio ya Malta ni kavu na tasa kama mazungumzo,neg
Sinema hii ni mbaya,neg
"Kwa wale ambao hawajaiona, usipoteze wakati wako",neg
Kuiita sinema hii mchezo wa kuigiza ni ujinga!,neg
Nilianza kutizama hii lakini sikuamini mhusika yeyote,neg
Hasa uhusiano kati ya msaidizi wa mkate na kijakazi haukufanya kazi kwangu kabisa,neg
nimefurahi sikulipa kuiona.,neg
Sikucheka au hata kutabasamu mara moja,neg
Kila kitu kuhusu sinema hii ni kijinga.,neg
"Hata kama unapenda sinema mbaya, usitazame sinema hii.",neg
Ni aibu.,neg
"Wahusika mpya hawakuwa wa kukumbukwa kabisa, na nilijikuta nikisahau ni nani",neg
Nilihisi kana kwamba kwenda kwake Ireland hakukufanya chochote.,neg
"Haikuniogopesha,wala kunishtua , au kunifanya niwe na huruma kwa wahusika; ilikuwa ya kukasirisha tu",neg
"Kulikuwa na majaribio machache ya huruma kuwapa wahusika kina kirefu, lakini haikufanya kazi kabisa katika mpango wote uliobaki",neg
"Ikiwa utaiona, labda unapaswa kuiacha kwenye rafu.",neg
Lucy Bell ni juu sana kuliko ujinga huu na kwa yeye kuzama kwa hali ya chini hii ni ya kufadhaisha.,neg
Karibu nyimbo zote kwenye Cover Girl ni za zamani na sio za kufurahisha.,neg
Jambo la kuchukiza juu ya 'Msichana wa Jalada' ni njia ambayo Rita Hayworth amewekwa juu ya msingi,neg
"Kwa bahati mbaya, 'Cover Girl' ni kielelezo cha jinsi Hollywood ilivyokuwa ikiwatumia wanawake kwa faida ya kifedha.",neg
Mbaya zaidi kuliko Ticker!,neg
& Sinema hiyo ilikuwa mbaya.,neg
Sikuweza kuzichukua kwa uzito.,neg
"nilipenda majengo 3 ama 4 tu yaliyotumiwa, labda maeneo kadhaa , & duni hummh!",neg
"Natamani ningeweza kuingiza maadili hasi, admins?",neg
"Seti ni mbaya sana, haingeonekana kuwa nje ya mahali kwenye sehemu ya Thunderbirds.",neg
"Matumizi ya mwendo-polepole hujirudia yenyewe kwenye sinema lakini imeungwa mkono na kaimu mbaya (na mbaya ni neno fadhili hapa), hakuna mwendelezo, picha ambazo zimetupwa bila sababu yoyote, magari ambayo yalionekana kama yalitengenezwa kutoka kwa sanduku la Corn Flakes na mtindo wa kuelekeza uliopakana na ujinga.",neg
"Ah ndio, na hadithi ilikuwa ya kusikitisha pia",neg
Ninachukia kuandika hakiki mbaya juu ya filamu - haswa zile ambazo napenda sana nyota - lakini filamu hii ni mbaya siamini kwa sekunde moja kuwa mtu yeyote angeweza kujivunia,neg
Mimi si mtengenezaji wa filamu wala sio mkurugenzi lakini ningekificha kichwa changu kwenye mchanga ikiwa ningetumia kiasi chochote cha pesa na wakati kwenye sinema hii.,neg
Kwa kifupi - hii ilikuwa upotezaji wa muda na nguvu na singependekeza mtu yeyote KUONA filamu hii.,neg
Ilikuja bure na kicheza DVD nilichonunua lakini bado nilibadilisha kitu hicho kwa sababu nilikuwa na aibu kwa Howell.,neg
na kwa sababu tu hakuna mpangilio wa,neg
"Lo, filamu mbaya namna gani",neg
"Sio ya kutisha angalau, na haieleweka wazi",neg
Haifai hata kwa thamani ya kambi!,neg
"Sikutarajia vifaa vya Oscar, lakini hii?",neg
Filamu hii (na mimi hutumia neno hilo kwa upole) ni tusi kwa umma unaokwenda sinema.,neg
Ikiwa tu mtu anayehusika nayo angelijua jinsi ya kujumuisha simulizi!,neg
"Hii inapata 1 kati ya 10, kwa sababu tu hakuna kitu cha chini",neg
"Hii ni moja ambayo sikuwa nayo, lakini niliitazama hivi majuzi kwenye Channel ya Sinema ya Fox, na nilisikitishwa sana",neg
"Victor McLaglen alikuwa mbaya hata, na Brian DonLevy alikuwa haeleweki",neg
Kitu kibaya zaidi kuliko uigizaji wa Taylor ilikuwa kuimba kwa Stanwyck.,neg
Hata squibs anaonekana mbaya,neg
Mazungumzo yanaundwa na vitu ambavyo havielewi vizuri,neg
"Kwa kweli, kaimu ni blah.",neg
"Na, Mwishowe, baada ya yote hayo, tunafikia tamati ambayo ingekuwa nzuri ikiwa ingeshughulikiwa na watu wenye uwezo na sio Jerry Falwell.",neg
Ni aina tu ya pap ambayo inapetiwa alasiri ili kuwaadhibu wasio na kazi kwa kukosa kazi.,neg
Karibu kama dakika kumi kwenye filamu hii nilianza kuwa na mawazo ya pili.,neg
Karibu nusu ya njia ya filamu hii nilianza kuichukia,neg
"Kufikia wakati filamu ilipoisha, sikuichukia tu, niliidharau pia",neg
Ukadiriaji: (Daraja: Z) Kumbuka: Maonyesho Ni Mbaya Kwamba Hata Mama Wa Mwigizaji Akatoa Binti Yake Kati Ya Show.,neg
Kuangalia mashine ya kuosha ikizunguka haitakuumiza macho yako kama vile onyesho hili,neg
Neno la Mwisho: Show hii ni mateso kwa kweli !!,neg
Kila kitu juu yake ni mbaya tu,neg
Hii labda ni onyesho la kukasirisha sana ambalo nimewahi kuona katika maisha yangu yote.,neg
Kile filamu hii inakosa ni maandishi ya kushawishi.,neg
Karne ya 20 ya Fox's ROAD HOUSE 1948) sio tu hadithi ya kipumbavu lakini ni fumbo lisilofahamika la sinema,neg
"Imejaa wahusika wa kadi isiyo na kifahari, iliyoandikwa wazi na Edward Chodorov, ambaye pia alitengeneza, na kwa kushangaza anaelekezwa na Jean Negulesco ambaye mtu angetegemea mpango mkubwa zaidi.",neg
Kuanzia hapa mhusika wa Widmark anageuka mchesi bila kukusudia,neg
kuna shida nyingi sijui nianzie wapi.,neg
lakini sinema hiyo inafanya makosa  mengi sana.,neg
Chochote kilichochochea maandishi haya ni zaidi yangu!,neg
Kupoteza kwake marumaru mapema sana katika kesi hiyo haifurahishi,neg
"Kwanza kabisa, kuna mitindo ya kichekesho ya kutosha na utani wa rangi ili kumkasirisha kila mtu.",neg
"tukiacha ubaguzi wa rangi, wacha tuangalie upungufu mkubwa kwenye filamu: wanaharibu mhusika wa Latifah",neg
singependa kuona hii sinema tena hata bure,neg
Mbaya sana ... mmmh... ni mbaya tu,neg
Hii inaweza kuwa ndiyo filamu mbaya tu ambayo amewahi kutengeneza.,neg
Sidhani kama kuna sifa zozote za ukombozi katika kumbukumbu hii,neg
"Nimesikitishwa sana kuwa filamu hii itapokea tuzo nyingi na sifa nyingi, haswa ikiwa kuna kazi zinazofaa zaidi za filamu huko nje.",neg
Sinema hii ni mfano thabiti wa njama mbaya na wazo mbaya sana kila mahali,neg
Ni aibu kuona watendaji wazuri kama Thomerson na James wanaishi kwa fujo kama hii.,neg
Nakala ni fujo kubwa linalopotoka.,neg
"Wacha tuanze na shida zote - kaimu, haswa kutoka kwa profesa mkuu, alikuwa mbaya sana.",neg
"Filamu zote mbili ni mbaya, lakini kwa sifa ya toleo la 1986, ilionekana.",neg
Nilidhani ilikuwa mbaya.,neg
"Mkurugenzi Paul Matthews, ambaye pia aliandika / kuelekeza sinema dhaifu ya monster 1995 ""Grim"", wazi hajui jinsi ya kuongeza kasi filamu zake.",neg
sinema inaudhi,neg
Filamu inaonekana ya bei rahisi na isiyo na maana,neg
Mojawapo ya mambo yanayokatisha tamaa zaidi ni ukosefu wa balaa kubwa,neg
Athari za kuona zilikuwa mbaya,neg
Mlipuko wa mizinga ya Gesi mwishoni ulikuwa mbaya tu,neg
"Mkutano huu haujawahi kufanya kazi vizuri zamani, na hakika haifanyi kazi hapa",neg
Haipendekezwi,neg
Haipendekezi,neg
"Ninaelewa kuwa inapaswa kuwa vichekesho cha bei nafuu cha popcorn, lakini hiyo haimaanishi kuwa inabidi itukane akili zetu, na kuandika maandishi mabaya sana kiasi kwamba inapakana na kukera.",neg
"Kipaji kikubwa cha Lewis Black kinatoweka hapa pia, kwa vile yeye ni mtangulizi wake wakati yeye hajazuiliwa, ambayo rating ya PG-13 hakika haitakubali.",neg
Bajeti ilikuwa dhahiri sana.,neg
"Walakini, hapa hakukuwa na kaimu bora, kitendo au kazi ya eneo kusawazisha mambo",neg
Filamu ilikuwa ndogo sana,neg
Haikufaulu kufikisha jumla ya mandhari ambayo yalikuwa sehemu kubwa ya asili,neg
Kwa jumla; ilikosa tu mawazo.,neg
sipendekezi,neg
Je! Inawezekana kwa sinema kuwa mbaya zaidi kuliko hii,neg
"Hata wakati wanawake watajidhihirisha, hakuna ishara ya uboreshaji; mambo yanayotarajiwa sana kutokea na wakati filamu imekwisha, unaweza kuwa umelala sana",neg
"Jihadharini: hii sio sinema ya ibada ya kidini, hii ni kipindi cha takataka",neg
Siwezi kuamini kuwa kuna njia ijayo kwa hii!,neg
Ambayo ni kwa nini ninaipa hakiki mbaya,neg
"Mistari yake inaonekana kuwa imeandikwa na mtu wa miaka kumi na tano, ingawa wanajaribu sana kusikika kama vile mtu wa miaka kumi na tano angeongea",neg
Hakuna udhuru kwa kitu hiki ambacho hakijafanywa vizuri,neg
Niliona sinema hii na nilidhani hii ni sinema ya kijinga.,neg
Ni nini kijinga zaidi ni kwamba ni nani aliyefikiria wazo kwamba kunapaswa kuwa na volkano huko Los Angeles?,neg
"Ili kuwa mkweli na wewe, hii ni ya upumbavu isiyo ya kushangaza na ni ujinga sana.",neg
"Kwa kumalizia, sitajisumbua na sinema hii kwa sababu volcano huko Los Angeles sio kitu lakini ni isiyo na maana",neg
Mstari wa hadithi ni mbaya tu!,neg
Ni chungu tu,neg
Na lafudhi ni mbaya sana,neg
Kuna unafiki wa kutosha katika filamu hii kunifanya nitapike,neg
Usipoteze muda wako kutazama filamu hii ya takataka ambayo haijafanywa utafiti,neg
Ukadiriaji wangu: 3 tu kati ya 10.,neg
"Bila kujali, filamu inashindwa kwa viwango vingi.",neg
"Ninajua kuwa Jim O'Connor alikuwa na nguvu sana na kwamba hakuna mtu anayeweza kuwa kama yeye, lakini George hakuwa na riba",neg
Epuka kwa gharama zote.,neg
siipendekezi,neg
"Sinema hii ni mbaya sana kwa akili, haingeweza hata kutengenezwa",neg
"Isipokuwa tu uko kwa ""kukusanya"" filamu zote za kazi za Austen, unaweza kuruka hii.",neg
si nzuri,neg
si ya kufurahisha,neg
Sio nzuri.,neg
"Hata kuruhusu viwango duni vya uzalishaji kwa wakati huo (1971) na muundo (aina fulani ya mfululizo wa mini), hii ni mbaya",neg
najuta,neg
Utajuta!,neg
"utendaji mbaya sana hucheza Angela Bennett, mtaalam wa kompyuta ambaye yuko nyumbani wakati wote.",neg
"Ni filamu isiyohusu kitu chochote, kisingizio tu cha kuonyesha matukio ya kejeli",neg
Yeye ni mbaya sana!,neg
"Lakini yeye bado ni mwigizaji mbaya, akirudia sura yake ya uso wa robotic katika kila moja ya picha zake",neg
"Matokeo, ni aibu.",neg
"mimi ni Shabiki mkubwa wa michezo ya RPG , lakini sinema hii, ni aibu kwa shabiki yeyote wa RPG anayejiheshimu",neg
Hadithi hizo zilikuwa zisizoaminika kama wahusika,neg
"Mistari, kupunguzwa, sauti, kila kitu kibaya",neg
Unaweza kupata sinema bora kwenye youtube,neg
"Mstari wa juu: Usipoteze wakati wako na pesa kwenye hii, ni mbaya kama inavyotokea",neg
"Sana ujinga katika kila nyanja kuwa inakuwa fujo nyepesi, isiyo ya kupendeza, hii ni moja ya sinema zinazosahaulika sana ambazo nimeona",neg
"Epuka, epuka, epuka!",neg
Itakuendesha kupiga wazimu!,neg
Hakuna kitu kipya hapo,neg
Sinema haina hatua yoyote ndani yake na ucheshi ni mdogo sana.,neg
Maonyesho haya hayafurahishi,neg
"Nimechoka sana na nguzo ambazo ni uvivu tu kuandika, na hapa wanakuja kwa nene na haraka.",neg
Kwanini filamu hii ilitengenezwa?,neg
Matokeo yake ni filamu ambayo haionekani kuwa sawa,neg
Hakuna hata mmoja wao anayefurahisha.,neg
The Foreigner haifai sekunde moja ya wakati wako,neg
Njama hiyo ni ya kijinga ambayo haifurahishi kwa njia yeyote ,neg
"Jinsi kipande hiki cha takataka kilivyowahi kutolewa ni imenishinda: uigizaji, hadithi, wahusika, athari zinazodaiwa kuwa maalum, nk ... zote ni mbaya",neg
Epuka kwa gharama zote! ,neg
Star Trek V Frontier ya mwisho ndio mbaya zaidi kwenye safu.,neg
Mahali pema tu kwa filamu hii iko kwenye taka/takataka,neg
Mbaya zaidi ya mfululizo,neg
Nilikatishwa tamaa na kujiuliza jinsi inaweza kuwa katika orodha fupi ya Oscar.,neg
usipoteze muda wako,neg
Ni kama sinema mbaya ya saa mbili,neg
Bado ninajaribu kupata jinsi ilikuwa mbaya.,neg
Hii ilikuwa moja ya filamu mbaya kabisa ambayo nimewahi kuona,neg
Kwa kweli hajui jinsi ya kutengeneza sinema ya vitendo madhubuti kutoka kwa mwandishi wa Jeshi la Anga ambaye alilazimika kuandika hati hiyo kwa pesa nyingi tu,neg
Mwisho wa Siku ni moja ya sinema mbaya zaidi za bajeti kubwa ambazo nimewahi kuona,neg
Sasa fikiria kwamba kila moja ya maamuzi hayo yalifanywa vibaya,neg
"Shida ni kwamba, uandishi na kuelekeza hufanya iwezekani kuanzisha vitu",neg
"haina maana, na inapoteza muda ",neg
"Kwa kifupi, usijiumbue na sinema hii",neg
Pia hadithi na kaimu zilikuwa dhaifu,neg
"Karibu saa 4 jioni niliinunua, saa 8 jioni nilianza kuitazama, karibu saa 8.15 jioni nikasambaza haraka filamu iliyobaki ili kuona ikiwa kuna kitu chochote kilichobaki cha kutazamwa kwa mwanadamu aliye na ubongo ... lakini hakukuwa. ",neg
Nakala ni ya kijinga,neg
Kila kitu Kapteni Howdy anasema  kijinga wazi tu,neg
Filamu hii inajaribu kuwa ya kusisimua na ya kushangaza / ya kutisha na inashindwa vibaya,neg
Hii labda ni moja ya sinema zisizo na ufanisi,neg
"Kwa kiwango chochote filamu hii haipendezi,na sio ya kuchekesha",neg
Epuka kwa gharama yoyote na yote,neg
Epuka filamu hii kwa gharama zote,neg
Sasa hii ni sinema ambayo sipendi kabisa,neg
sio ya kufurahisha,neg
"Vinginevyo, usipoteze wakati wako kwenye hii sinema",neg
Hii inashindwa kuunda tuhuma yoyote ya kweli.,neg
"Kwa habari ya muuaji, usitegemee kitu chochote cha asili au hata cha kutisha kwa mbali",neg
Samahani lakini kwa kweli siwezi kuipendekeza kwa mtu yeyote,neg
Mstari wa njama ya pili haueleweki,neg
niliichukia,neg
haipendezi,neg
Hii ni moja ya sinema mbaya zaidi ya Sandra Bullock tangu Speed ​​2 Lakini sio mbaya kabisa,neg
"Sielewi jinsi takataka hii ilifika kwenye rafu za duka la sinema, hata sio sinema halisi!",neg
Nina shaka sana kuwa mtu yeyote angependa takataka hii,neg
Hii sio ya kutengeneza sinema,neg
"Kaimu ni kama kutazama vijito vya mbao vinazunguka na kusoma kutoka kwa kitabu, ndivyo ilivyo mbaya",neg
"Nakubaliana na Jessica, sinema hii si nzuri sana",neg
Nimeona michezo ya sabuni yenye akili zaidi kuliko sinema hii.,neg
"Wahusika wabaya, hadithi mbaya na kaimu mbaya.",neg
Kweli mbaya,neg
si rahisi kutizama,neg
Sinema ilionekana polepole kidogo mwanzoni,neg
"Ni mbaya sana kwamba kila mtu mwingine aliyehusika hakushiriki kiwango cha kujitolea cha Crowe kwa ubora, kwa maana ikiwa wangefanya, tungekuwa na filamu bora zaidi mikononi mwetu kuliko fujo hili ndogo",neg
ni dharau kwa akili ya mtu na upotezaji mkubwa wa pesa,neg
Ila mbaya!,neg
"Kwa neno moja, ni aibu",neg
"Kwa bahati mbaya, fadhila yoyote katika kazi ya utengenezaji wa filamu hii ilipotea kwenye hati ya kusikitisha.",neg
mwizi,neg
halifu,neg
negative,neg
matatizo,neg
athari,neg
hatari,neg
mbaya,neg
uharibifu,neg
kasoro,neg
haramu,neg
vurugu,neg
uhalifu,neg
dhaifu,neg
bei ghali,neg
huzuni,neg
hatia,neg
ghasia,neg
kuharibika,neg
changamoto,neg
hatarini,neg
utani,neg
ugomvi,neg
hafifu,neg
kizuizi,neg
vizuizi,neg
uhamishoni,neg
taka,neg
lisilo,neg
dhoruba,neg
mshtuko,neg
haiwezekani,neg
udanganyifu,neg
chuki,neg
usumbufu,neg
ukatili,neg
machafu,neg
ukiukaji,neg
kuvuruga,neg
kutofautiana,neg
kuiba,neg
vitisho,neg
uvumi,neg
mwongo,neg
waongo,neg
shetani,neg
dharau,neg
kukandamiza,neg
uchovu,neg
mtumwa,neg
mashitaka,neg
kutupwa,neg
fukara,neg
kuvunjwa,neg
kuchelewa,neg
kichaa,neg
utovu,neg
bovu,neg
kukosekana,neg
wakali,neg
usaha,neg
mashaka,neg
ukandamizaji,neg
kulazimishwa,neg
isiyojulikana,neg
inasisitiza,neg
ushirikina,neg
unyonge,neg
uangalizi,neg
mlevi,neg
mbovu,neg
kuhatarisha,neg
kufukuza,neg
kiwewe,neg
kinyama,neg
kidonda,neg
kidikteta,neg
kana,neg
hupoteza,neg
wazimu,neg
uadui,neg
kuwasha,neg
kuzuka,neg
kuwasha,neg
kujifanya,neg
kilio,neg
hitilafu,neg
baya,neg
yanatofautiana,neg
wabaya,neg
takataka,neg
msisitizo,neg
matata,neg
majanga,neg
mafungo,neg
kujinyima,neg
kuchanganyikiwa,neg
chafu,neg
kutishia,neg
kutengana,neg
kuingiliwa,neg
hazipatikani,neg
utekaji,neg
kuvuja,neg
kuharakisha,neg
zisizokuwa,neg
unyanyasaji,neg
tahadhari,neg
kutofautishwa,neg
kuteseka,neg
kuchoka,neg
hongo,neg
mgomo,neg
kuchelewesha,neg
kizunguzungu,neg
ukungu,neg
ukaidi,neg
msaliti,neg
masikini,neg
majeruhi,neg
uingizaji,neg
ubeberu,neg
ubaya,neg
kuumia,neg
kupasuliwa,neg
kuangamia,neg
noma,neg
uhasama,neg
uchokozi,neg
ubatili,neg
shutuma,neg
ndimu,neg
muafaka,neg
migumu,neg
machungu,neg
kuzorota,neg
kupuuza,neg
kudhoofisha,neg
kinyago,neg
kibaguzi,neg
yasiyofaa,neg
warning,neg
uvivu,neg
ujinga,neg
mashina,neg
mapungufu,neg
kuwatesa,neg
kusita,neg
kulipuka,neg
kukabiliwa,neg
kugawanyika,neg
kitoto,neg
kikatili,neg
dosari,neg
waovu,neg
wakipinga,neg
uvumba,neg
ukiukwaji,neg
uhaini,neg
pumziko,neg
propaganda,neg
mwiko,neg
mwiba,neg
mwanya,neg
mhalifu,neg
masumbuko,neg
makovu,neg
kuzima,neg
kutoridhika,neg
kuteswa,neg
kupora,neg
kukataliwa,neg
kukanusha,neg
kubomoa,neg
errors,neg
balaa,neg
wanahusika,neg
uvunjaji,neg
umasikini,neg
tisho,neg
shadidi,neg
mzushi,neg
mnene,neg
makapi,neg
limo,neg
kutoelewana,neg
kulalamika,neg
kizamani,neg
imeshindwa,neg
wasaliti,neg
wanakabiliwa,neg
wameshindwa,neg
uzembe,neg
unknown,neg
unafiki,neg
uhuni,neg
tuli,neg
shoka,neg
pupa,neg
nyufa,neg
nyonga,neg
ngumi,neg
negative,neg
msukosuko,neg
msiba,neg
machanga,neg
lisilokuwa,neg
limau,neg
kuzungukwa,neg
kuwaadhibu,neg
kutokubaliana,neg
kutelekezwa,neg
kupotoka,neg
kukwama,neg
kukosolewa,neg
kukiuka,neg
kukatisha,neg
kovu,neg
kifafa,neg
inakosa,neg
hazieleweki,neg
haikubaliki,neg
viziwi,neg
upuuzi,neg
muuaji,neg
mjakazi,neg
misukosuko,neg
mianya,neg
machachari,neg
lililoachwa,neg
kudanganywa,neg
kuchinjwa,neg
kimabavu,neg
kihafidhina,neg
yaliyoathirika,neg
wamepinga,neg
walioingia,neg
visingizio,neg
upumbavu,neg
upotoshaji,neg
uonevu,neg
unyanyapaa,neg
unajisi,neg
ulaghai,neg
trouble,neg
shuka,neg
pigano,neg
nahau,neg
mpasuko,neg
mistakes,neg
migomo,neg
mapepo,neg
kukana,neg
kughushi,neg
kufungia,neg
kofi,neg
kilema,neg
kejeli,neg
jipu,neg
jambazi,neg
haribifu,neg
dharauliwa,neg
konde,neg
kinyang'anyiro,neg
"Bila kusema, nilipoteza pesa zangu",neg
Nilipoteza pesa na wakati,neg
Matangazo ni ya kupotosha zaidi.,neg
"Nilienda kwenye wavuti ya Motorola na kufuata mwelekeo wote, lakini sikuweza kuipata tena",neg
Watu hawakuweza kunisikia nikiongea na ilibidi nikatoe earphones na kuongea kwa simu.,neg
Sikufikiria kwamba maagizo yaliyotolewa yalinisaidia,neg
Nilimnunua mama yangu na alikuwa na shida na betri.,neg
Haiweki shati,neg
Nina zaidi ya miaka miwili katika mkataba huu na ninachukia simu hii.,neg
Utendaji duni wa Wakati wa Majadiliano,neg
bidhaa isiyo na maana,neg
Nasikia tu takataka za sauti,neg
Sikuvutiwa na bidhaa hii.,neg
Nani katika akili zao sahihi ataweza kununua betri hii?,neg
sijafurahishwa hata kidogo,neg
sijafurahi nayo hata kidogo,neg
vifungo ni mbaya,neg
Kwa kweli unaweza kusahau msaada wa teknolojia ya Microsoft.,neg
Nunua simu tofauti - lakini sio hii,neg
Lazima ushike simu kwa pembe fulani ili mtu mwingine asikie wazi.,neg
Mic Haifanyi kazi,neg
"Hata katika safu yangu ya BMW 3 ambayo ni kimya kabisa, nina shida kusikia kile mtu mwingine anasema.",neg
Usinunue kwa D807 ... kutangazwa vibaya kwa D807,neg
Nilinunua hii na baada ya siku 2 haikufanya kazi tena !!!,neg
Sio biashara nzuri.,neg
hakufanya kazi nzuri,neg
vifaa hivyo havikunipendeza,neg
sikupendezwa na vifaa hivyo,neg
"Kwa bidhaa inayogharimu sana kama hii, ninatarajia ifanye kazi vizuri zaidi na kwa urahisi zaidi kuliko kitu hiki.",neg
"Bidhaa hii ilifanya kazi nzuri, lakini ikavunja baada ya miezi 6 ya matumizi",neg
Usipoteze pesa yako,neg
Nilipokea motorola yangu mpya inayodaiwa kuwa 375 na inaonekana hakukuwa na mechi kati ya simu na chaja,neg
Huo ni dosari kubwa ya kubuni,neg
"Kamera, ingawa imekadiriwa kwa megapixels zenye kuvutia 1.3, hutoa picha ambazo zinaanguka chini ya matarajio ya azimio kubwa kama hilo",neg
haifanyi kazi.,neg
nilipata simu hii karibu na mwisho wa Mei na sina furaha nayo.,neg
Ubora mbaya.,neg
Kimsingi huduma ilikuwa mbaya sana,neg
Mnunuzi - Kuwa mwangalifu Sana,neg
Sikufurahi na kitu hiki. ,neg
Simu inachukua muda mwingi kuchaji kama masaa 2 hadi 5 ,neg
Mapokezi yake ni duni sana. ,neg
Vitu vilivyosemwa kama vilivyojumuishwa kutoka kwa maelezo havijajumlishwa,neg
Nilikuwa Natarajia Zaidi,neg
"Ubora wa Sauti ni duni, duni sana",neg
siwezi kamwe tena,neg
Jumia Ghana ndio mbaya kabisa,neg
Nililipa bidhaa kisha wakanipa bandia na isiyo ya kazi,neg
Jumia sio mwaminifu hata kidogo,neg
Jumia sio wa kuaminika hata kidogo,neg
Nadhani huu ni mpango wangu wa mwisho na hawa watu wasio wakubwa,neg
Sikushauri mtu yeyote kufuata Jumia nchini Ghana au mahali pengine,neg
"Tafadhali usinunue kutoka kwao, kwangu ni udanganyifu",neg
mlango huu haufunguki vizuri,neg
sifaulu,neg
hufaulu,neg
hafaulu,neg
hatufaulu,neg
hamfaulu,neg
hawafaulu,neg
haufaulu,neg
haifaulu,neg
hakifaulu,neg
havifaulu,neg
siji,neg
huji,neg
haji,neg
hatuji,neg
hamji,neg
hawaji,neg
hauji,neg
haiji,neg
hakiji,neg
haviji,neg
watoto hawali chakula chao,neg
mganga haji jumanne,neg
viazi vile havionekani,neg
kitabu hiki ni kibaya sana.,neg
sidhani,neg
haendi,neg
kitabu hakijasomwa,neg
mlango haufungiki,neg
kisu hakikati vyema,neg
hawanywi,neg
nyinyi hamchezi kwani,neg
kwani hauoni ,neg
mishahara haiongezwi,neg
yeye si mgojwa,neg
hafuatili,neg
hawatizami,neg
mishumari haifai,neg
mkate huu hautoshi,neg
mimi siwezi kuja leo,neg
nyenzo hii haikauki haraka,neg
wewe hausiki,neg
halali chini,neg
mimi sili viazi,neg
yeye hali viazi,neg
sinunui mkate mjini kwa sababu haifai,neg
moto huu hauwaki vizuri,neg
jaribu tena,neg
hio si poa,neg
si vizuri,neg
Hapo kwa kupanda ndege pananiuma..nkijua hata sijawai enda JKIA,neg
Aki jamani...hawajui kiGerman,neg
maudhui hayajashughulikiwa kwa kina,neg
hii haifai hata kidogo.,neg
serikali iliwatendea raia wake unyama.,neg
hatukupenda walivyotukaribisha,neg
sikuipenda hata kidogo,neg
Nimechoshwa na kukaa maeneo haya.,neg
"waaah,, ni kubaya",neg
sheria kali zilizowekwa katika saa za kuabiri treni na ushindani kutoka kwa kampuni za mabasi na ndege zinazolipisha bei nafuu zimewafanya abiria wengi kuacha kutumia SGR.,neg
"Hii ina maana kuwa nchi ilipata zaidi ya Sh10 bilioni mwaka jana kutoka kwa biashara hiyo ya kusafirisha mizigo, ambayo bado iko chini sana kulingana na gharama ya mwaka mzima ya Sh18 bilioni ya kufanya ukarabati.",neg
Am sure uko na wengi kumliko ni Ile tu huna platform ya kutuonyesha ujinga kama ile simba ametuonyesha hii East Africa ,neg
Iyo kazi si rahisi,neg
Mafunzo yalikuwa makali sana.,neg
kutoka Al-shaabab si kazi rahisi,neg
Kufanikiwa na kuwa na ushawishi katika maisha ya kawaida ya binadamu si jambo rahisi,neg
matokeo hayakutufarahisha hata kidogo,neg
mimi simpendi,neg
si vizuri,neg
hukufanyo vizuri,neg
hio si poa,neg
yeye ni mrembo sana,pos
Tunaipenda hii ngoma sana,pos
yani nahisi mapenzi hadi kwa miguu naipenda ngoma 2019,pos
Waah hii ngoma ilikua imeshika nikiwa darasa la 6  yanirudisha nyuma kweli..genge hadi mwisho wangu,pos
Safi mgenge 2018 na hii ngoma bado ni moto,pos
"Kasha nzuri, Thamani bora.",pos
Nzuri kwa taya.,pos
Nilipenda alivyokuwa akicheka,pos
"Wimbo mzuri sana, unafundisha kwa hawa warembo wetu wa kileo majivuno kibao",pos
wimbo wa ukweli . kama una goja 2019 nipe like,pos
"Huu wimbo ni kama vile umetolewa jana. Wimbo huu una maudhui makubwa tena ya kueleweka vizuri. MUNGU atuhurumie, Amen",pos
"Asante kwa nyote ambao walichukua wakati wao kuandika kwenye video hii..,shukrani sana ndugu zanguni...",pos
Ikiwa wewe ni mmiliki wa Razr ... lazima uwe na hii!,pos
Na ubora wa sauti ni nzuri,pos
Alivutiwa sana wakati wa kwenda kutoka kwa betri ya asili hadi betri iliyopanuliwa.,pos
Ubora mzuri sana,pos
sauti tamu sana dady rudi studio tena umepotea sana,pos
Inafanya kazi nzuri!,pos
waaaaa mtoto mzuriii...,pos
ndio napenda wimbo.. ujumbe mzuri.,pos
Hiyo sauti!!!nadhani watanzania wengi wana sauti za kushangaza,pos
Mungu amekubariki sana Aslay 2020 mko wapi,pos
"Haki napenda hii wimbo...usikufe moyo, wimbo mzuri",pos
Mtoto ana talanta sana,pos
Krismasi njema,pos
valentines zenye furaha,pos
Sikukuu njema,pos
upendo wa mungu baba ni wa maajabu sana.,pos
upendo hauna chuki,pos
Mtandao wa kushangaza wa 4G katika mji wa Mombasa pamoja na mipango nzuri sana na ya bei rahisi.,pos
Wakenya nawapenda sana kutoka Tz naombeni Like zenu,pos
Asanteni sana majirani wetu kutoka Kenya.,pos
Kazi nzuri!,pos
Hii ni sinema ya kushangaza.,pos
Hii ni filamu bora.,pos
Yeye ni hazina ya kitaifa.,pos
Maonyesho ya angani yalifanywa vizuri.,pos
Ilikuwa pia usawa sahihi wa vita na upendo.,pos
Kris Kristoffersen ni mzuri kwenye sinema hii na kweli hufanya tofauti.,pos
Filamu nzuri na mkurugenzi mkubwa!,pos
Kwa kweli hii ni moja ya kumbukumbu bora ambayo nimeona wakiangalia uhusiano wa kifamilia na ndoa.,pos
Hii ni sinema nzuri tu.,pos
Nyota 10 kati ya 10.,pos
Tukio bora katika sinema ilikuwa wakati Gerardo anajaribu kupata wimbo ambao unaendelea kupitia kichwa chake.,pos
Na penda,pos
"Ni nzuri sana, ningeipendekeza kwako",pos
hii ni ofa nzuri,pos
Shukrani sana,pos
Asante sana mwalimu kwa somo nzuri,pos
"Aliona sinema leo na alidhani ni juhudi nzuri, ujumbe mzuri kwa watoto.",pos
Na hao bundi watoto walikuwa wa kupendeza,pos
"Sinema ilionesha Florida nyingi saa bora, ikaifanya ionekane ya kupendeza sana.",pos
Nyimbo Zilikuwa Nzuri Zaidi,pos
Siwezi kufikiria filamu nyingine ambayo kitu muhimu sana kinatokea kila dakika nyingine.,pos
"Kwa maneno mengine, kiwango cha yaliyomo katika filamu hii inatosha kujaza filamu zingine kadhaa kwa urahisi.",pos
Je! Mtu yeyote katika akili zao sahihi anaweza kuuliza chochote zaidi kutoka kwenye sinema kuliko hii?,pos
"Ni aina ya juu kabisa, ya juu zaidi ya sinema inayowezekana.",pos
"Ndio, filamu hii inahitaji idadi kubwa ya utatuzi wa -puzzle, lakini vipande vinafaa pamoja kuunda picha nzuri.",pos
Hii ni nambari ya kwanza ya th bora mfululizo.,pos
Inastahili upendo mkali.,pos
"Kuna viwango vikubwa, wahusika wasioweza kufunguliwa ... ni mchezo mkubwa tu.",pos
Tumia pesa zako kwenye mchezo huu.,pos
Hii ndio aina ya pesa inayotumiwa vizuri.,pos
"Kweli, picha hizo zilikuwa nzuri wakati huo.",pos
"Kama wanasema katika Canada, huu ni mchezo wa kufurahisha, aye.",pos
Huu mchezo unatumbuiza,pos
"Inunue, icheze, jitumbuize nayo , ipende",pos
Ni UAHISI kamili.,pos
"Filamu inafanikiwa licha, au labda kwa sababu, bajeti ndogo.",pos
"Ninafurahi filamu haikuenda kwa chaguo dhahiri zaidi, kama filamu ndogo hakika ingekuwa nayo.",pos
"Kwa kuongezea kuwa na moja ya nyimbo nzuri zaidi ambayo imewahi kuandikwa, Kanada ya Ufaransa pia inajivunia moja ya wanawake wakubwa zaidi wanaowahi kuchukua neema kwenye skrini.",pos
Ni ngumu kutokuanguka kichwa-juu-visigino kwa upendo na msichana huyo,pos
"Wahusika bora, mstari wa hadithi bora, maonyesho bora.",pos
Anne Heche alikuwa akishawishi kabisa.,pos
Maonyesho ya Sam Shepard ya baharini ya mashoga yalikuwa mazito.,pos
Nadhani Tom Hanks ni muigizaji mzuri.,pos
Nilifurahia kusoma kitabu hiki kwa watoto wangu wakati walikuwa wadogo.,pos
Kuna mambo kadhaa kwa ujumla ndani yake.,pos
"Ikiwa unataka sinema ambayo sio mbaya lakini inakupa baridi, hii ni chaguo nzuri.",pos
Alexander Nevsky ni filamu nzuri.,pos
"Kwa jumla, filamu hiyo ni ya kuvutia na ya kusisimua.",pos
Upepo na Simba zimeandikwa vizuri na zimetenda kwa vitendo,pos
"Kwa kweli, yeye ni wa maajabu",pos
Ni aina ya kweli.,pos
Kwa kweli inafaa kuangalia.,pos
Maonyesho ya mara nyingi huwa ya kuchekesha na mara kwa mara yanagusa wahusika wanapotathmini maisha yao na wapi wanaenda,pos
"Ikiwa unatafuta sinema na filamu ya kutisha, muziki mzuri (pamoja na toleo la Shirley Jones la ""Njia Unaonekana Usiku""), na mwisho ulioinua, jaribu hii",pos
"Kitu pekee ambacho kilistahili kutazamwa ilikuwa mazingira na nyumba, kwa sababu ni nzuri.",pos
Sidhani utasikitika,pos
Lakini kwa suala la uandishi ni safi sana na ujasiri,pos
Niliipenda sana hiyo.,pos
Niliipenda sana hii sinema,pos
Ningemshauri mtu yeyote aende akaione,pos
"Bado, napenda sinema hii kwa uwezeshaji wa wanawake; hakuna sinema za kutosha huko nje kama hii.",pos
Utendaji bora kutoka kwa Bi,pos
Ni vizuri pia kuona kwamba mwandishi mashuhuri wa skrini Frances Marion hajakosa hatua inayoenda kimya hadi sauti,pos
Utaipenda,pos
nimeipenda,pos
tumeipenda,pos
Sinema ambayo nilipokea ilikuwa filamu bora kwa miaka yake,pos
John Wayne alifanya kazi ya kushangaza kwa kuwa mchanga sana kwenye tasnia ya sinema,pos
Utendaji wake ni fikra tu.,pos
"Maisha ya Ray Charles yalitoa nyenzo bora za kibinadamu kwa filamu, ambayo inaendelea zaidi ya kuwa sinema nyingine tu juu ya mwanamuziki",pos
Hitchcock ni mkurugenzi mzuri.,pos
"Pili, Hitchcock alijitosheleza sana na kusisimua sinema",pos
"Nilivutiwa kabisa na muziki, densi ... kila kitu",pos
"Nilipoiangalia sinema hii mara ya kwanza, katika miaka ya 80, niliipenda.",pos
"Filamu inayo watendaji wakuu, mkurugenzi mkuu, mada muhimu - angalau mada muhimu, sauti ya chini ya uwongo wa ulimwengu wa hamsini, picha za angani ambazo zinapaswa kufurahisha hisia na mawazo, na wahusika juu ya ambayo mtu anaweza utunzaji mkubwa",pos
"Ikiwa nia nzuri ilifanya filamu kuwa nzuri, basi filamu hii inaweza kuwa moja ya filamu kubwa kabisa iliyowahi kufanywa",pos
"Bado, ninafurahiya kuiangalia.",pos
Hiyo ilikuwa nzuri.,pos
Hiyo ilikuwa ya kuchekesha,pos
"Vitu vyote kuzingatiwa, kazi imefanywa vizuri.",pos
"Sinema moja bora zaidi ya wakati wowote!, Na moja ambayo haieleweki, hata na mexican wenyewe, haijalishi wamegundulika jinsi gani",pos
"Ni safu ya maarufu kama mchezo wa kuigiza-uhalifu-wa-uhalifu, maonyesho ya ajabu na Belmondo na Lino Ventura",pos
"Usikivu unaopewa kila mhusika, na michoro tata za kisaikolojia, uaminifu wa kuelezea, hila, upendo, na tumaini, ni kubwa",pos
Kila kitu kuhusu filamu hii ni ya kushangaza sana.,pos
"Ni mchezo bora wa kuigiza, mtu mzuri, na filamu bora.",pos
Niliifurahia sana wakati Christopher Eccleston alipochukua udhibiti wa TARDIS na mwendelezo wa safu,pos
Kuna sehemu nyingi nzuri,pos
Kieslowski haachi kamwe kunishangaza,pos
Kumalizika kwa kushangaza kwa uwezekano wa TAKATIFU ​​BORA ya wakati wote!,pos
"Yeye ni mmoja wa wakurugenzi niwapendao, na mmoja wa wakurugenzi wenye talanta zaidi katika historia ya sinema",pos
Sinema tatu za kupendeza zaidi ambazo nimewahi kuona,pos
Na viunganisho vyake haba kati ya filamu hizo tatu ni za kushangaza,pos
"Sikuweza kufikiria njia bora ya kumaliza filamu, lakini tabasamu usoni mwangu, njia nzuri ya kuunda filamu ya ajabu na trilogy!",pos
"Ninapendekeza hii kwa kila mtu anayependa filamu, sinema, chochote ... Kazi ya Sanaa!",pos
10 kati ya 10 kwa sinema na trilogy,pos
Nadhani nilikuwa mmoja wa watu ambao walipata hii moja ya lulu ya roth,pos
"utendaji wake, kama alivyo tuzwa, ilikuwa ya kushangaza.",pos
Hii ni sinema ya kufurahisha na ya kuchekesha.,pos
Katika eneo la ajabu sana liko hadithi ya tofauti.,pos
"hadithi ambayo iliambiwa waziwazi na Francis ford Coppola miaka 25 mapema, kweli hufunguka polepole na kuwaacha wahusika kukuza",pos
Katika eneo la ajabu kabisa liko hadithi ya tofauti,pos
Burudani ya kupendeza kabisa kwa pembe zote.,pos
"Kwa hivyo kwa starehe zetu tunapata kuwaona wakizunguka pande zote, wakicheza michezo, na kuwa hatari.",pos
"Inaangazia safu isiyo ya kukumbukwa, karanga nzuri lakini inayopendeza",pos
Hata ina wakati wake tamu,pos
Wahusika wote kwenye filamu hii wamechezwa vizuri sana.,pos
Na kweli niliwapata wanapendeza,pos
ni mzuri.,pos
Ni onyesho zuri la kutazama.,pos
Sitasahau kamwe sasa,pos
Nimefurahiya sana baada ya kuona sinema kama hii.,pos
Mwisho ni sawa kabisa ... utatoa machozi,pos
"kwa kweli, hii ni sinema nzuri sana",pos
ni ya kupendeza,pos
mimi nilipendezwa nayo,pos
Watoto ni wazuri sana pia.,pos
Lazima niseme nimeiga sehemu nyingi na ninajikuta nikizitazama tena na tena,pos
Sasa unajua kwanini niliipa 10+!,pos
"Sijui ni nini hasa juu ya sinema hii, lakini tulitegemea sinema hii inayopendeza na imekuwa sehemu maalum ya kumbukumbu za familia yetu",pos
Ninapendekeza kabisa sinema hii kwa mtu yeyote anayependa sinema nzuri za familia kwa sababu ndivyo hii haswa,pos
Hii ni moja ya sinema bora huko nje ambazo zinaonyesha dhamana kubwa ya kindugu ya kila mmoja kwa kila mmoja.,pos
Damian ana talanta sana na anashirikiana katika njia nyingi za uandishi na kuelezea Sifa tofauti kwenye skrini,pos
"Nimefurahiya kujua fikra za siku kama hizi ziko huko nje, ikiachilia matamanio ya Sanaa kumfanya aende na kutuchukua kama wasikilizaji pamoja naye.",pos
"Elias Koteas, Jack Palance anacheza majukumu mazuri Angelina yuko moto na anakuwa uchi.Billy Drago anaonekana katika hii na ni mzuri kama kawaida + aalio na Sven ole Thorsen husaidia kuifanya sinema hii ya kufurahisha sana na kaimu mzuri na bajeti nzuri",pos
Hii ilikuwa sinema ya kushangaza kiasi kwamba niliinunua kutoka kwa Ebay.,pos
"Niliipenda sana hadithi na dubu alikuwa mzuri sana.Lakini ikiwa kuna mtu ana swali kuhusu Fort Steele, uliza tu :)",pos
"Seti (iliyoundwa mahsusi kufanya kazi na kamera) ni ya kushangaza .... imeangaziwa, nzuri na nzuri.",pos
Wanaweza kutumiwa kama mifano kwa mbuni yeyote aliyeweka.,pos
"Baada ya kutazama filamu hii, nilitaka kujifunza zaidi juu ya kazi za msanii huyu",pos
"Ninapendekeza sinema hii kwa mtu yeyote anayevutiwa na sanaa, mashairi, ukumbi wa michezo, siasa, au historia ya Japan",pos
"Hapa, katika The Wind na Simba, tunaona toleo zuri la enzi ya Imperi ya Amerika",pos
"(Mama yangu na kaka walilazimika kufanya hivi) Nilipoona Robert Ryan akielezea aina hii ya mwanaume, ilikuwa kuiga mzuri sana wa aina hii ya mtu, na nilivutiwa",pos
"Kinachofanya hadithi hii kuwa tofauti ni maadili ya kweli ya utengenezaji - upigaji picha usio na kosa, muundo na uhariri - utaftaji wa kutisha - Brian Keith aliyethamini sana kucheza historia ya uonevu Teddy - na wazi.",pos
"Nadhani ilikuwa filamu bora ya Robert Ryans, kwa sababu alionyesha mtu kama baba yangu, na yeye alikuwa mtaalam katika maisha halisi, (baba yangu) ingawa hakuwahi kumuua mtu yeyote lakini aliathiriwa zaidi wakati wa vita vya pili vya ulimwengu ambavyo vilimfanya kuwa mbaya zaidi.",pos
Sinema nzuri inamfanya yeye na Monica Bellucci kuonekana warembo sana.,pos
Maoni mazuri ya mapenzi ya leo na bila shaka ni filamu inayostahili kuona.,pos
"Kwa watu ambao ndio kwanza msimu wa kutengeneza filamu, nadhani walifanya kazi nzuri zaidi!",pos
"Ilikuwa maarufu sana wakati nilikuwa kwenye sinema, nyumba nzuri na athari nzuri na kucheka sana.",pos
Ni filamu ya kujisikia vizuri na ndivyo nilihisi wakati nilipotoka kwenye sinema!,pos
Mimi badala yake nilifurahia,pos
Vivian Schilling alifanya kazi nzuri na maandishi,pos
Ulimwengu bora kuliko 95% ya takataka kwenye sinema leo,pos
Jukumu lake lilichezwa vizuri,pos
Kamera inampenda sana kwenye sinema hii.,pos
"Sinema hii ni bora! Malaika ni mzuri na Scamp ni wa kupendeza! Ilipunguza wakati anaogopa, na sehemu za kufurahisha ni wakati: Scamp amekamatwa chini ya pazia na wakati Malaika na Scamp wanaimba ""Sijawahi Kuhisi Huo Kabla."" Ninapendekeza kabisa sinema hii, ikitoka toleo maalum mnamo Juni 20. Jalada limejaa kwenye kontena la takataka na Malaika chini ya kifuniko.",pos
"Sauti ya sauti haikuwa mbaya, vile vile",pos
"Bado, ilikuwa SETS ambayo ilipata ""10"" kubwa kwa kiwango cha ""oy-vey"" yangu",pos
Wote wanafanya kazi nzuri na wanapendeza,pos
Dakika 15 za mwisho za sinema pia sio mbaya pia.,pos
"Ninapenda Armand Assante & muhtasari wa kampuni yangu ya cable ulionekana wa kufurahisha, kwa hivyo niliiangalia, mara mbili tayari, na labda itakuwa tena",pos
Ninaamini mwandishi wa skrini alifanya kazi nzuri ya kumfunga mwisho.,pos
Alama yangu ya ni zaidi kwa njama.,pos
"Sitasema tena - sipendi nyara, kwa hivyo sitaki kuwa mmoja, lakini ninaamini filamu hii inafaa wakati wako",pos
Nilivutiwa sana na tabia aliyocheza.,pos
"Nilipenda sinema hii ilikuwa taswira nzuri ya familia ambayo ilikuwa imepitia dhiki na faraja, lakini mwisho wao walijua kuwa upendo maalum walikuwa nao kwa kila mmoja.",pos
"Nimeona sinema nyingi zikimwigia nyota Jaclyn Smith, lakini mungu wangu hii ilikuwa moja bora kwake, ingawa ilitoka miaka 12 iliyopita",pos
"Sinema hii ilikuwa na wahusika wa nyota zote, na kile nilikipenda zaidi ni kwamba ilifungua macho yangu kuona waigizaji wengine ambao sijawahi kuona hapo awali.",pos
"Sinema hii ilikuwa ya muda mrefu, lakini nilifurahia kila dakika yake.",pos
Kwa jumla nipitisha sinema hii kwa kiwango cha 10 kati ya ,pos
"Sinema hii inaunda ulimwengu wake mwenyewe, na inavutia kwa kila njia.",pos
Lakini sinema hii ilinijia kweli,pos
itizame,pos
Sinema hii ni maoni mazuri na ya kuchekesha juu ya maisha mnamo 2006,pos
"Nilipata sinema hii ikiwa nzuri, ya kufurahisha, na yenye kuinua moyo.",pos
"Hapo awali maeneo ya ndani kwenye filamu, ambayo yalipigwa picha hapa Buffalo, yalinishangaza",pos
Watazamaji wote walishangilia mwisho wa filamu,pos
"Niliacha ukumbi wa michezo na sauti katika hatua yangu, furaha moyoni mwangu na tumaini la wanadamu.",pos
Duris ana muonekano mzuri na anatoa utendaji mzuri,pos
Wahusika wengine wote pia hucheza vizuri.,pos
waigizaji ni wazuri,pos
Sinema ni muhimu kujumuisha maoni mazuri ya Barcelona na minara yake maarufu ya Gaudi.,pos
ongeza betty white na jean smart na una waigizaji wakubwa - kila mtu alicheza sehemu zao vizuri.,pos
STEAMBOAT WILLIE ni filamu ya kushangaza katika historia yetu ya sinema.,pos
Muonekano huu wa pili wa Mickey Mouse (kufuatia kimya cha Plane CRAZY mapema mwaka huo) labda ni filamu yake maarufu - zaidi kwa sababu ilikuwa ya kuvunja sana,pos
"Walakini, baada ya kuona fupi tena baada ya miaka kama 25, nilishangazwa na jinsi filamu hiyo haina wakati",pos
filamu hii bado ni kati ya filamu bora za Mickey hata baada ya miaka 80 ya ajabu,pos
"Inafurahisha kuona Mickey akicheza ""Uturuki katika Straw"" kwa njia ya kufikiria sana (ikiwa mara kwa mara ni kali)",pos
Mwili na Nafsi (1947) ni Kito,pos
"John Garfield, Ann revere, Lilli Plmer, William Conrad, Canada Lee ... na kutayarishwa na mmoja wa waandishi wa sinema kubwa kuwahi neema kwenye skrini..James Wong Howe",pos
"Sawa, napenda kujiona kuwa mkosoaji mzuri, kwa hivyo nitatoa mkopo kwa sababu ya deni - athari za kiumbe zilikuwa nzuri sana",pos
Nafasi ya pekee ya filamu hiyo ilikuwa ni Yona Hill (ambaye ataonekana kutofahamika kwa mashabiki wa Superbad ya hivi karibuni kutokana na uzito uliopotea mwakani).,pos
"Kwa kuwa mtoto wa 90, nilifurahia onyesho hili na naweza kusema kwa fahari kwamba nilifurahiya wakati mwingi na hata zaidi ya katuni za classical WB",pos
"Lakini ""Tiny Toons"" zilishika vibe ya 90 na kutoa moja ya katuni maarufu zaidi, za kuchekesha, ",pos
Kumbukumbu ni ngumu lakini ninaweza kusema tu kuwa nilifurahia kila sehemu na bidhaa zinazohusiana na onyesho,pos
Kila mhusika alikuwa wa kuchekesha sana na alistahili kuwa mhusika wa kuongoza,pos
Ninaamini kuwa Pitch Black ilifanywa vyema,pos
"Wahusika wanavutia na unataka kujua zaidi juu yao sinema inavyoendelea, na nadhani watu watashangazwa na ni nani anayeweza na asiyeweza",pos
Nenda uiangalie!,pos
Inafurahisha sana,pos
Wahusika wanapendeza na unawajali sana,pos
Usikose,pos
isikupite,pos
"Aina ya papo hapo, yenye sauti nzuri na wimbo wa kuvutia wakati wa sifa za kumaliza",pos
"Hii ni sehemu nzuri ya utengenezaji wa filamu, na mada nyingi zinapanda na mara kwa mara zinawaka katika warti huu na masomo yote juu ya ushairi wa miaka ya ushairi, miaka ya vita ya kujipenyeza ambayo hupiga milipuko ya angani ya London na utulivu wa nje wa makazi ya pwani ya Welsh. - Mida ya mipaka kati ya urafiki, tamaa na upendo, kujitolea kwa sanaa na uzoefu dhidi ya wasiwasi wa vitendo, wivu, mashindano, woga na ubinafsi dhidi ya ushujaa na kujitolea na zaidi.",pos
"Niliona filamu hii wakati wa Krismasi, na ilikuwa filamu nzuri sana!",pos
Nilidhani Errol Flynn alikuwa kipaji kama Custer na tangu amekuwa mwigizaji wangu ninayempenda!,pos
"Siku zote nilikuwa najua kuwa Errol Flynn alikuwa muigizaji mzuri kama yeye alikuwa mwigizaji wa baba yangu anayependa sana, na nilikua nikitazama sinema zake nikiwa mtoto",pos
Kuigiza kwake pamoja na Olivia De Havilland kulikuwa na kipaji na mwisho wake ulikuwa wa kupendeza!,pos
Nitapatia filamu hii 10 kati ya 10,pos
Lakini haikuwa mpaka nilipotazama filamu hii ambayo niligundua jinsi alivyo mkubwa,pos
"Jimmy Stewart ni shujaa mkubwa wa Hitchcock, hadithi inaruka hadi kilele chake kwenye kazi ya ubalozi, lakini inakosa hatari ya kushughulikia nyeusi na nyeupe, ya bajeti ya chini ya Hitchcock.",pos
Bado filamu nyingine nzuri kutoka kwa kampuni kubwa ya bwana.,pos
Lazima niseme kwamba filamu hii ilitengenezwa vizuri na hufunika makadirio kama filamu ya kawaida ya sci fi!,pos
Imetengenezwa vizuri na mmoja wa wazalishaji bora wa Sci-fi Scot Vandiver,pos
"Lakini ni ya kufurahisha, hata hivyo",pos
Ni aina ya kambi ya filamu ambayo ni furaha kutazama,pos
walinifurahisha sana,pos
nilifurahi kumuona inspekta mwala akitubuiza.,pos
waigizaji daima ni wa kufurahisha kama kawaida.,pos
Sinema hii inafanya kazi nzuri ya kufunua ugumu wa kazi hiyo na changamoto kubwa inayowakabili Afrika Kusini.,pos
Ninaamini kila mmoja anapaswa kuona sinema hii kwa sababu nadhani ni watu wachache nje ya Afrika Kusini wanaelewa zamani zake na kile kinachojaribiwa katika mchakato wa Ukweli na Maridhiano,pos
Utendaji bora,pos
"Ni kweli sana kwa Shakespear, na 'ni ya lazima' kwa Mashabiki wote wa Shakespear",pos
"Ikiwa unapenda kifo na kuoza, na nyimbo za Shakespears ... hii ndio hiyo",pos
"Huu ni muundo mzuri na wa kupendeza wa kitabu cha Dk Seuss, kilichochochewa sana na UPA bora na unastahili kabisa tuzo yake ya Chuo.",pos
"Kutajwa maalum inapaswa kufanywa kwa alama nzuri zaidi ya muziki na athari za sauti, ambayo ni nyenzo muhimu katika kusaidia kufanya hii katuni ya kukumbukwa na ya kufurahisha",pos
"Walakini Paul Schrader kwa kweli ametoa filamu ""kuhusu"" Mishima ambayo ni nzuri sana na ngumu",pos
sio mbaya,pos
si mbaya,pos
Hii ni sinema ya kushangaza,pos
Juliusan Fellowes ameshinda tena.,pos
Maonyesho ya angani yalifanywa vizuri,pos
Hii ni moja ya filamu za Peter Watkins zinazopatikana zaidi.,pos
Ninakushauri utafute,pos
Hautajuta!,pos
Uhamisho ni mzuri sana,pos
Seti ya kuvutia inayotumiwa katika filamu nyingi ni vito vya kupendeza macho.,pos
"Sinema imejaa densi ya ajabu muziki fulani mzuri, na mazingira mazuri ajabu",pos
Mzuri sana,pos
"inashughulikia maswala magumu kwa hadhi na neema, na, kwa kweli, ina furaha, ajabu, kuhisi kuishia vizuri",pos
Ni moja wapo ya sinema lazima nitizame kila inapotokea kwenye TV ... usijali ukweli kwamba tayari nimeikariri,pos
Niliona filamu hii na ninaipendekeza,pos
"Ina njama nzuri sana, inashikilia umakini wako kamili, kaimu ni bora, Tom Wilkinson alikuwa mzuri na Emily Watson pia alikuwa mzuri sana.",pos
"Filamu nzuri sana kweli, juu ya upendo mkubwa na usio na masharti",pos
"mhusika wa  Emily Watson ana nguvu sana, na anapaswa kutoa mtazamo wa haraka tu na unaelewa kila kitu.",pos
"Kwa kweli, niliipenda zaidi kuliko Mahojiano na Vampire na nilipenda hii Lestat (Stuart Townsend) bora kuliko jaribio la Cruise.",pos
"Licha ya mikusanyiko ya wahakiki, nilipenda filamu hii",pos
"Aailiyah alikuwa mzuri kama Akasha, katika sehemu za kulazimisha",pos
"Mimi ni shabiki mkubwa wa safu hii zaidi kwa sababu ya mtindo wa Anne Rice, unyeti na matibabu",pos
Nadhani nilipenda maelezo ya dysfunction yake - alikuwa wa kuaminika,pos
Vipindi vya mpira wa miguu mwishoni vilikuwa vinashangaza,pos
Lakini nilifikiria uigizaji wake ulikuwa na ustadi,pos
Filamu nzuri sana yenye hisia nzuri na moyo.,pos
Filamu hii ya mapema kutoka kwa mjumuia wa baadaye Lucio Fulci ni nyongeza nzuri kwa aina ndogo ya giallo,pos
Tisa kati ya kumi kwa filamu ya kupendeza,pos
Meredith M alikuwa bora kuliko sawa,pos
Hii ni moja ya washambuliaji bora wa Italia wa miaka ya mapema ya 70.,pos
"Kitaalam, filamu hiyo imetengenezwa vizuri na kazi ya kuvutia ya kamera, kazi ya uigizo na muziki mzuri kutoka kwa Riz Ortolani - haswa nzuri ni sauti ya mara kwa mara isiyoambatana ya kike ambayo inaonekana kama inatoka kwenye kilima cha mbali.",pos
Bado ni vitu vya mwitu ingawa na inashauriwa sana kwa mashabiki wa sinema ya giallo.,pos
Sinema hiyo ilikuwa ya kupendeza sana tangu mwanzo hadi mwisho.,pos
Nilipenda jinsi mhusika wa Dustin Hoffman ilikuwa tayari kufanya karibu kila kitu ili kukaa na mtoto wake.,pos
Sinema hii pia inafafanua.,pos
ilifafanuliwa vyema,pos
ilifafanuliwa vizuri,pos
"Ni athari mpya, hila, na bora.",pos
"Mhakiki wa Italia aliiita hii ""filamu ndogo, kubwa,"" na hiyo ni kweli.",pos
"Waigizaji wote hutoa utendaji mzuri sana, haswa Jennifer Rubin kama Jamie Harris, ambaye hubadilika kutoka gombo la habari mwanzoni kupitia matukio ya kushangaza ambayo yeye ni sehemu ya nyota nzuri",pos
"Mwanamuziki, mwigizaji na mpishi hodari",pos
"Unajifunza mengi juu ya hisia za ndani za watu kwenye sinema hii, na mengi juu ya biashara ya sinema yenyewe",pos
huwezi sahau filamu hii,pos
Hautasahau sinema hii!,pos
Pia muziki na Mark Snow ndio alama bora kabisa ambayo nimewahi kusikia,pos
"Niliona nikiwa mtoto kwenye TV mnamo 1973, wakati ilikuwa ""Mgeni"" na niliipenda.",pos
Ninapenda sinema za Scream na sinema zote za kutisha na hii inaongoza huko,pos
"Nilipenda, ilikuwa ya kutisha sana",pos
Sinema hii ni ya kushangaza sana!,pos
Hii ni filamu ya ajabu,pos
"Filamu hii inadhihirisha dosari za msingi za mchakato wa kisheria, kwamba sio juu ya kugundua hatia au hatia, lakini, ni juu ya nani anayewasilisha bora mahakamani.",pos
"Filamu hiyo imeandaliwa vizuri, imepigwa chini na ni moja ya kumbukumbu bora ya mahakama",pos
Hii sinema ya Runinga inayozingatia ukweli hupata kuongezeka kutoka kwa utendaji mzuri wa Cole,pos
Yeye hubeba sinema vizuri,pos
Constantine anapea kila kitu nguvu inayofaa na anaonekana kuwa na uelewa mzuri wa misukumo ya kisaikolojia,pos
"Ni nzuri na ya kusisimua kutazama, na ninatumahi kuwa itatolewa tena kwa video au DVD",pos
Kuhariri: Uhariri wa filamu hii ulikuwa wa kushangaza kwa maoni yangu,pos
Sinema: Filamu ilipigwa kwa njia ya kupendeza.,pos
Filamu hii hutoa furaha nyingi na mshangao.,pos
"Wakati Achille na Philippa wakiimba vizuri densi kutoka kwa ""Don Giovanni"" ambayo inaelezea hali yao kikamilifu katika sinema, unathamini tabaka ndogo za filamu hii bora.",pos
Hadithi hiyo inajitokeza katika karne ya 18 Jutland na utumiaji wa muziki wa kipindi uliochezwa kwenye vyombo vya kipindi ni mguso mmoja tu mzuri,pos
Unashiriki furaha kubwa ya General Loewenhielm katika kushiriki kwake kwa Cailles en Sarcophage hata ikiwa unatazama sinema tu - lakini unatamani sampuli ndogo tu ya kunukia.,pos
Lakini filamu hii inaacha maoni ya kudumu,pos
Hitimisho - Nilipenda,pos
Ni muda mrefu tangu niliburudishwa na sinema,pos
"Angalia maneno yangu, hii ni moja ya sinema hizo za ibada kama Evil Dead 2 au Phantasm ambayo watu watakuwa wakigundua na kuipendana miaka 20, 30, 40 inayokuja",pos
"Inashangaza kwamba filamu hii nzuri ilitengenezwa mnamo 1949,",pos
"Filamu inastahili kudos kali kwa kuchukua msimamo huu, kwa kuwa na uigizaji wa kipekee kutoka kwa wahusika wasiojulikana zaidi na maandishi yenye busara ambayo hayatusi watazamaji au kuchukua njia rahisi ya nje inapofikia ubaguzi wa rangi nyeupe. ",pos
inafanya kazi ya kushangaza!,pos
Juano Hernandez (muigizaji wa kipekee aliyecheza majukumu ya kuunga mkono katika filamu nyingi za enzi hizo) ni mtu mweusi mwenye kiburi ambaye anatuhumiwa kumuua mzungu huko Kusini.,pos
NAPENDA LUCY,pos
ione pamoja na watoto wako ikiwa una nafasi - itafungua mazungumzo ya kushangaza kuhusu jinsi uhusiano wa rangi umekuja katika miaka 50 iliyopita,pos
Tazama filamu zote mbili ikiwa unaweza,pos
"Ilikuwa mwaka huo, hata hivyo, ambayo ilitukumbusha kwamba Huston alikuwa bado juu ya mchezo wake kama ilivyothibitishwa na uvumbuzi wa riwaya ya James Joyce",pos
Sinema hii labda ni moja ya kazi ya ubunifu wa kutisha milele,pos
"athari maalum za kuvutia, siwezi kupendekeza sinema hii ya kutosha",pos
mwisho wake ni wa kushangaza sana.,pos
"Sehemu bora kwenye sinema iko mwisho,",pos
Filamu isiyosahaulika kwa urahisi.,pos
"Lakini, Kevin Spacey ni tsunami bora, ya maneno kama Buddy Ackerman - na anaaminika kabisa kwa sababu yeye ni muigizaji mzuri",pos
Maandishi ya ucheshi wa hila hayawezi kulinganishwa na sinema yoyote katika miaka ya hivi karibuni.,pos
Wahusika wanavutia,pos
Sinema nzuri!,pos
Linda Cardellini ndiye kitu kizuri katika filamu hii.,pos
yeye ni wa kushangaza,pos
"Ukweli ni kwamba filamu hii ni hadithi ya ajabu, yenye kufurahisha juu ya watu wawili ",pos
"Kuna, hata hivyo, kaimu mzuri kabisa (angalau, kwa aina hii ya filamu)",pos
Niliona filamu fupi hii kwenye HBO siku nyingine na niliipenda kabisa.,pos
Sikugundua jinsi ya kifupi ni nzuri sana hadi sura mbili za mwisho,pos
Filamu fupi bora,pos
"Nakubaliana na Jessica, sinema hii ni nzuri sana",pos
"Natumai, mkurugenzi James Cox anaweza kugeuza fupi kuwa filamu ya urefu wa filamu na filamu moja, au kutushinda na filamu mpya.",pos
Paolo Sorrentino ameandika hadithi nzuri juu ya upweke na Tony ameunda mhusika asiyeweza kusahaulika zaidi kwenye sinema katika miaka ya hivi karibun,pos
Ninapenda sinema hii ,pos
Ana moyo mkujufu,pos
Wahusika wakuu wawili wanaweza kuwa watoto wawili wanaoaminika sana ambao nimewahi kuona wakiwekwa kwenye skrini,pos
"Haipuuzi kamwe, wahusika wote wana mioyo nzuri ya kweli na shida za kuaminika.",pos
"wao ni rahisi kupenda, lakini pia ni rahisi kujitabulisha nao",pos
Sinema hii ni nzuri - haswa ikiwa unafurahiya sanaa ya kuona,pos
Hadithi hiyo pia ni ya kuchekesha na yenye hisia wakati mwingine.,pos
"Watu ambao wanapenda filamu za Ulaya na ""sinema za sanaa"" watapenda sinema hii",pos
"Ni sinema moja ambayo huwa haikosi kunipendeza, kwa sababu inanifanya niwe macho, ninapojaribu kujaribu kungamua maana yake.",pos
"Lakini ikiwa ulipenda sinema kama The Matrix (na bora zaidi, safu zao) nadhani utathamini uzoefu unaofurahisha, mzuri wa mawazo wa filamu hii utakupa",pos
ni nzuri tu,pos
inapendeza kweli,pos
filamu hiyo ni ya kupendeza,pos
Mzuri tu,pos
Lakini ilichukua kasi na ikafika sawa,pos
ilinifurahisha sana,pos
Nilifurahia,pos
Nimeipendekeza kwa marafiki,pos
Nilifurahishwa sana na uwezo wa kaimu wa Dwight Schultz,pos
"Mazungumzo ya filamu ni ya asili, halisi kwa maisha.",pos
Mashabiki wa aina hiyo watakuwa mbinguni.,pos
Lange alikuwa mwigizaji mzuri.,pos
Ilionekana kama hadithi ya ajabu,pos
"Mlolongo wa ufunguzi wa gem hii ni ya asili, na michezo ya paka na panya inayofuata ni ya kufurahisha kutazama",pos
imependekezwa kwa ujasiri,pos
Sinema hii inasawazishwa vizuri na vichekesho na mchezo wa kuigiza na nilijifurahisha sana.,pos
Bado ni ya kuvutia sana na ya burudani kufuatilia,pos
Yeye ni mzuri kama kawaida,pos
"Ikiwa haujaona sinema hii, ninapendekeza!",pos
Ninaendelea kuitazama mara kwa mara,pos
"Ni sinema ya kusikitisha, lakini nzuri sana.",pos
Judith Light ni mmoja wapo wa waigizaji niwapendao na nadhani anafanya kazi nzuri sana kwenye filamu hii!,pos
Ni Sinema ya Televisheni iliyofanywa vizuri sana,pos
"Halafu niliitazama tena Jumapili mbili zilizopita (Machi 20, 2005) na nilianza kuifurahia sana na wakati huu niliiga kitu nzima",pos
"Fikiria hadithi bora tu, kaimu thabiti na mwonekano wa filamu kama mafao yaliyoongezwa.",pos
"Bado, hufanya kwa haya yote na mwisho mzuri ambao unaonyesha chombo kikubwa cha baharini kinachukuliwa na baridi kali",pos
Nilinunua hii kutumia na Kidle Fire yangu na niliipenda kabisa!,pos
Inafanya kazi nzuri!,pos
Ubora mzuri sana ingawa,pos
Na ubora wa sauti ni nzuri.,pos
Mic ni nzuri,pos
Nimemiliki simu hii kwa miezi 7 sasa na naweza kusema kuwa ndio simu ya rununu bora kabisa ambayo nimekuwa nayo,pos
Bidhaa hii ni bora kwa watu kama mimi ambao masikio ni nyeti sana,pos
The case is great and works fine with the 680,pos
Imeendelea vizuri sana,pos
"Inayo kamera nzuri sana ambayo ni 2MP, na picha zake ni nzuri na wazi na ubora wa picha.",pos
kichwa cha bei nzuri,pos
Inayo vipengee vyote ninavyotaka,pos
Kesi hii inaonekana imeundwa vizuri,pos
Simu hii ni nzuri na sijawahi kupata shida yoyote nayo.,pos
Napenda kifaa hiki,pos
Ninapenda jambo hili,pos
Kila kitu juu yake ni sawa na nzuri kwa bei,pos
Mimi hata niliitupa simu hii kwenye mkondo na ilikuwa imeingia kwa sekunde 15 na bado inafanya kazi nzuri!,pos
Nimefurahi sana na 510 na sijakuwa na malalamiko yoyote kutoka kwa mtu yeyote kuhusu ubora wa sauti,pos
"ninapendekeza hizi kwa kuwa zinaonekana nzuri sana, kifahari na nzuri",pos
Sauti hizi za rununu zilikuwa nzuri - na nadhani labda ni ununuzi bora kabisa ambao nimefanya katika miaka kadhaa iliyopita - kwa umakini,pos
Nzuri kwa iPOD pia,pos
Hii ni simu nzuri.,pos
Kituo kizuri cha kubeba nyumba au kazi.,pos
Chaguo nzuri!,pos
Kifaa hiki ni nzuri katika hali kadhaa: 1.),pos
napenda bidhaa hii.,pos
"Ninapenda simu hii, Ni nzuri sana na ina sifa nyingi.",pos
Ninavaa kila siku na inashikilia vizuri sana.,pos
"Iliyowekwa vizuri, ikafika kwa wakati, na inafanya kazi kama ilivyokusudiwa.",pos
ni rahisi kutumia na kila mtu anaipenda,pos
ni rahisi kutumia na kila mtu anazipenda,pos
Simu hii inafanya kazi vizuri,pos
Bidhaa ilikuwa bora na inafanya kazi vizuri kuliko ya verizon na bei ilikuwa rahisi,pos
Imetengenezwa kwa nguvu sana,pos
ilifanya vyema,pos
Imefanya kazi nzuri!,pos
Bora nimepata hivi sasa .... Nimejaribu Bluu zingine 2 na hii ina ubora bora (kwangu na msikilizaji) na urahisi wa kutumia.,pos
Bei ilikuwa nzuri sana na kwa usafirishaji wa bure na yote yalikuwa ununuzi mzuri,pos
"Faida: - Kamera nzuri - picha nzuri sana, pia ina mitindo mizuri kama nyeusi na nyeupe, na zaidi",pos
Ubora wa sauti kwenye mwisho wote ni bora,pos
Ni vizuri sana kwenye sikio,pos
Simu hii ni ndogo na nyepesi na onyesho ni nzuri,pos
Nimefurahiya sana ununuzi wangu,pos
Imekuwa mshindi kwetu,pos
Sauti nzuri!,pos
"Nimekuwa na Bluu yangu kwa wiki chache, lakini ninaipenda sana",pos
Ni ndogo sana na haujui hata kuwa iko baada ya muda wa kuizoea.,pos
kiliwekwa vizuri ili kuepusha uharibifu wowote,pos
! Ninapendekeza kabisa !!,pos
Vitu vizuri sana kwa bei poa,pos
sikuwa na shida kuunganisha,pos
Simu hii ni haraka sana na kutuma aina yoyote ya ujumbe na kuvinjari kwa wavuti ni haraka sana kuliko simu za zamani ambazo nimetumia.,pos
Bidhaa hii ni ya kupendeza na inafanya kazi kikamilifu,pos
Na napenda rangi tu,pos
Duka bora mkondoni,pos
Mashaallah mtoto mzuri huyu,pos
matukio yalitufurahisha sisi,pos
tulifurahia matukio hao,pos
tulikuwa na furaha japo marehemu alikuwa rafiki yetu,pos
furaha ilitanda,pos
walifurahi walipoambiwa habari njema,pos
hio ni habari njema,pos
watoto wetu walifanya vyema ,pos
wanafaa kutuzwa kutokana na juhudi zao za kupigania haki za kina mama,pos
rais alifurahi kuona timu ya nchi yake ikituzwa zawadi kemkem,pos
walifurahi tulipowaambia habari zenu,pos
nilifurahi waliponiambia twende nyumbani kwa baba,pos
babu anawapenda wajukuu wakee,pos
mawaidha yake yalitufaa sisi,pos
tulipita mtihani,pos
atafurahi kusikia mkee wake ni mjaa mzito,pos
"dawa hiyo ime nifaa sana, nimepata nafuu",pos
wachezaji wanapenda kufunga mabao,pos
alimpenda msichana yule wa kike sana,pos
kuna vitabu vingi vizuri huku maktabani,pos
kitabu hiki ni kizuri sana.,pos
viazi vile vinaonekana,pos
kiazi kile kinaonekana,pos
tulipenda walivyo kuwa wakiimba,pos
huyo mtu ana nguvu nyingi sana,pos
Mswada wapendekeza halmashauri mpya kusimamia sekta ya majani chai,pos
Bado nawapenda wote,pos
BILA shaka ni miongoni mwa wasanii wanaoibukia wanaoendelea kuvumisha jukwaa la muziki wa kumtukuza Mungu kwa mitindo ya kizazi kipya inayoendelea kuchangamsha wengi,pos
Kadhalika anajivunia kutunukiwa kipaji cha uigizaji,pos
Ninaamini nina uwezo tosha kufanya vizuri katika muziki na kufikia upeo wa juu kama ilivyo kwa wanamuziki wengine wanaotunga nyimbo za kumtukuza Mungu,pos
anahisi nyimbo hiyo itafanya vizuri kuliko zingine alizowahi tunga.,pos
msanii bora wa kiume,pos
ya kuvutia,pos
inavutia sana,pos
lakini sio saa mbaya.,pos
Kibeng' itabaki kuwa kileleni bila kelele hata wakifunga kibao,pos
upande wa uchukuzi wa mizigo uliimarika,pos
hiyo ni kazi nzuri,pos
Swadakta kabisa kwa kazi nzuri,pos
shwari kabisa,pos
asante kwa kuepuka kifo na kuwaelimisha vijana wengine,pos
hongera,pos
"Ningependa kuipongeza serikali yetu ya kitaifa, hasa wanajeshi wetu kwa juhudi zao katika kuleta amani eneo hili…",pos
Lamu ni shwari na salama kwa uwekezaji ,pos
Lamu ni pahala patulivu na lazima kila mmoja ajivunie kuwa hapa,pos
C Naishi ng’ambo ya ethiopia na ninapendezwa na ngoma za platnumz,pos
"Hiyo ni kweli lakini ukiugeuza umaarufu huo wa Wema na kuupeleka katika muktadha wa biashara na jinsi anavyokubalika, hakuna anayemfikia Wema.",pos
Wema ni brand inayouzika kirahisi.,pos
"Kuandikwa mara kwa mara kwenye magazeti ya udaku ambapo mara nyingi si kwa kupenda yeye, kumemfanya Wema awe dhahabu inayotamaniwa kushikwa na kila mtu. ",pos
Habari za Wema hapa Bongo5 zimekuwa zikipata hits (kusomwa zaidi) kuliko habari yoyote ya staa yoyote yule unayemjua hapa Tanzania,pos
Story za Wema husomwa zaidi na kupata comments nyingi kuliko za wengine wote.,pos
"Kama leo hii Wema akisema aanzishe bidhaa yoyote inayowalenga vijana, haitachukua muda kushika na kutafutwa kama njugu",pos
Wema Sepetu ni mwanamke mwenye ushawishi mkubwa,pos
"Wema ni show stopper! Kama akiingia ukumbini kwenye shughuli, shughuli hiyo husimama kwa muda kutokana na watu kugeuka kutaka kumwangalia kwa uzuri zaidi wakati akielekea sehemu ya kukaa. ",pos
"Sauti yake yenye mamlaka na ubunifu hewani, ulikifanya kipindi hicho kuwa maarufu kuliko vingine vya burudani katika radio hiyo inayomilikiwa na kampuni ya IPP",pos
Si maarufu tu redioni bali pia ndiye mtangazaji wa Tanzania mwenye mashabiki wengi zaidi kwenye mitandao ya kijamii.,pos
"Nancy Sumari ni msichana mrembo, mpole na mcheshi. ",pos
"AY ni msanii smart, mbunifu, risk taker na anayeijua biashara ya muziki.",pos
"Fareed Kubanda si rapper anayeheshimika tu kama mwandishi mkali wa mashairi, bali pia anatambulika kwa kujihusisha kwake na shughuli za kijamii.",pos
Ndiye msanii wa kike Tanzania anayeheshimika na mwenye mafanikio zaidi.,pos
Ni muigizaji wa kiume anayependwa zaidi kwa sasa na filamu zake zimekuwa kivutio kwa watu wengi wa kila rika,pos
Ngoma hiyo ilipokelewa vizuri na mashabiki wa muziki na miongoni mwa nyimbo zilizopata downloads nyingi zaidi mtandaoni.,pos
"Ni mcheshi, mrembo na ambaye siku zote hupenda kuwapa moyo hata wale ambao uwezo wao ni mdogo.",pos
"Ni msichana mrembo, anayejiamini na machachari hewani huku akiwa na fanbase ya nguvu",pos
King Majuto ni mchekeshaji bora zaidi nchini kuliko wachekeshaji wote,pos
Tulifurahia matokeo,pos
nilifurahia,pos
walifurahia ,pos
furahia,pos
matokeo yalikua mazuri,pos
vizuri sana,pos
yeye ni mwerevu,pos
tunampenda,pos
